,City,Cloudiness,Country,Date,Humidity,Lat,Lng,Max Temp,Wind Speed
0,Hamilton,90,CA,1558555746,47,43.26,-79.87,66.0,18.34
1,Van,75,TR,1558556228,82,38.51,43.37,55.4,5.82
2,Geraldton,90,CA,1558556230,93,49.72,-86.95,46.4,8.05
3,Cape Town,0,ZA,1558556100,93,-33.93,18.42,60.01,3.36
4,Mataura,8,NZ,1558556232,80,-46.19,168.86,53.01,1.99
5,Tarko-Sale,100,RU,1558556234,85,64.92,77.78,25.0,1.01
6,Katsuura,20,JP,1558556235,67,33.93,134.5,59.0,6.93
7,Tilichiki,100,RU,1558556236,63,60.47,166.1,42.55,6.46
8,Albany,75,US,1558556238,28,42.65,-73.75,72.0,4.74
9,Jaypur,0,IN,1558556239,58,23.05,87.44,88.81,8.68
10,Kapaa,75,US,1558556061,69,22.08,-159.32,82.4,11.41
11,Busselton,100,AU,1558556241,66,-33.64,115.35,48.99,14.27
12,Chokurdakh,86,RU,1558556243,83,70.62,147.9,20.23,18.32
13,Lyuban,100,BY,1558556244,76,52.8,28.0,58.93,3.91
14,Umm Kaddadah,96,SD,1558556245,6,13.6,26.69,82.33,8.39
15,Petropavlovsk-Kamchatskiy,90,RU,1558556247,100,53.05,158.65,39.2,4.47
16,Omboue,77,GA,1558556248,82,-1.57,9.26,80.17,9.26
17,Ponta do Sol,10,BR,1558556249,83,-20.63,-46.0,64.87,4.18
18,Hermanus,50,ZA,1558556251,95,-34.42,19.24,57.99,3.09
19,Marsh Harbour,11,BS,1558556252,71,26.54,-77.06,78.55,15.03
20,Bambous Virieux,75,MU,1558556253,83,-20.34,57.76,75.2,3.36
21,Kodiak,1,US,1558556254,58,39.95,-94.76,73.99,11.41
22,Thornaby,0,GB,1558556256,54,54.54,-1.29,57.99,8.05
23,Bluff,0,AU,1558556257,79,-23.58,149.07,59.11,10.4
24,Makakilo City,75,US,1558556258,65,21.35,-158.09,84.0,6.93
25,Westport,75,IE,1558556138,71,53.8,-9.52,55.99,5.82
26,Hanna,98,CA,1558556261,28,51.64,-111.93,75.0,5.01
27,Carutapera,28,BR,1558556262,88,-1.2,-46.02,79.27,5.21
28,Kimbe,4,PG,1558556264,86,-5.56,150.15,76.39,3.6
29,Kargasok,0,RU,1558556265,83,59.06,80.87,31.75,4.72
30,Kaeo,40,NZ,1558556266,100,-35.1,173.78,48.99,2.59
31,Ushuaia,90,AR,1558556268,93,-54.81,-68.31,37.4,11.41
32,Hofn,90,IS,1558556269,87,64.25,-15.21,44.6,8.05
33,Dunedin,56,NZ,1558556270,66,-45.87,170.5,54.0,11.01
34,Vaini,83,IN,1558556272,92,15.34,74.49,77.83,1.92
35,Mount Isa,0,AU,1558556273,52,-20.73,139.49,66.2,4.7
36,Port Alfred,0,ZA,1558556274,70,-33.59,26.89,55.99,3.0
37,Severo-Kurilsk,100,RU,1558556275,94,50.68,156.12,40.75,32.7
38,East London,0,ZA,1558556277,86,-33.02,27.91,53.89,3.83
39,Jamestown,0,AU,1558556278,61,-33.21,138.6,59.11,5.97
40,Chuy,60,UY,1558556279,71,-33.69,-53.46,63.07,13.42
41,Tiksi,0,RU,1558556281,91,71.64,128.87,25.27,7.83
42,Lovozero,25,RU,1558556282,73,68.01,35.02,31.21,8.84
43,Tucuman,17,PE,1558556284,39,-17.17,-70.89,64.15,5.19
44,Shubarkuduk,44,KZ,1558556285,41,49.15,56.49,56.77,13.62
45,Atuona,21,PF,1558556109,75,-9.8,-139.03,82.33,11.7
46,Hinton,100,CA,1558556288,40,53.4,-117.57,60.01,6.71
47,Teguise,40,ES,1558556289,68,29.06,-13.56,69.8,21.92
48,Nikolskoye,20,RU,1558556291,82,59.7,30.79,60.8,2.24
49,Jalu,100,LY,1558556292,22,29.03,21.55,89.71,14.94
50,Rikitea,35,PF,1558556293,73,-23.12,-134.97,75.85,10.89
51,Lagoa,0,PT,1558556295,60,37.14,-8.45,71.6,4.7
52,Tairua,0,NZ,1558556296,91,-37.02,175.85,53.01,5.01
53,Clyde River,20,CA,1558556297,100,70.47,-68.59,28.4,9.17
54,Grindavik,75,IS,1558556298,76,63.84,-22.43,51.8,9.17
55,Sayyan,100,YE,1558556300,55,15.17,44.32,71.71,1.25
56,Manokwari,100,ID,1558556301,82,-0.87,134.08,74.05,2.8
57,Vestmannaeyjar,2,IS,1558556302,85,63.44,-20.27,48.49,5.46
58,Turayf,0,SA,1558556303,20,31.68,38.65,82.4,4.7
59,Ratnagiri,14,IN,1558556305,83,16.98,73.3,83.95,14.61
60,Kralendijk,75,BQ,1558556169,66,12.15,-68.27,86.0,19.46
61,Maniitsoq,0,GL,1558556307,49,65.42,-52.9,49.39,10.0
62,Caravelas,6,BR,1558556309,78,-17.73,-39.27,77.65,5.82
63,Qaanaaq,99,GL,1558556109,77,77.48,-69.36,28.87,4.36
64,Poum,0,MK,1558556311,86,41.28,20.71,43.81,3.22
65,Faya,40,SA,1558556312,72,18.39,42.45,62.6,1.88
66,Punta Arenas,90,CL,1558556314,100,-53.16,-70.91,46.4,5.82
67,Arraial do Cabo,0,BR,1558556315,78,-22.97,-42.02,78.8,9.17
68,Alofi,75,NU,1558556316,83,-19.06,-169.92,77.0,14.99
69,Tchibanga,100,GA,1558556318,88,-2.92,11.0,76.39,3.51
70,Cascais,20,PT,1558556319,82,38.7,-9.42,66.0,19.46
71,Kiama,13,AU,1558556320,100,-34.67,150.86,63.0,5.82
72,Pachino,0,IT,1558556321,68,36.72,15.09,64.4,3.36
73,Tual,100,ID,1558556323,79,-5.67,132.75,83.59,22.44
74,Paracatu,0,BR,1558556324,71,-17.22,-46.87,73.69,1.19
75,Quebec,75,CA,1558556105,34,46.83,-71.24,68.0,9.17
76,Hobart,75,AU,1558556280,61,-42.88,147.33,55.0,10.29
77,Saint-Philippe,1,CA,1558556328,39,45.36,-73.48,69.01,13.87
78,Praia da Vitoria,75,PT,1558556329,77,38.73,-27.07,66.2,9.35
79,Waipawa,49,NZ,1558556331,93,-39.94,176.59,48.99,1.95
80,Puerto Ayora,75,EC,1558556332,74,-0.74,-90.35,80.6,13.87
81,Kharp,67,RU,1558556333,94,66.82,65.8,12.85,4.59
82,Saint George,40,GR,1558556334,59,39.45,22.34,60.8,4.7
83,Gigmoto,81,PH,1558556336,73,13.78,124.39,84.31,4.59
84,Acapulco,75,MX,1558556233,70,16.86,-99.88,86.0,9.17
85,Carnarvon,0,ZA,1558556338,27,-30.97,22.13,51.37,2.35
86,Upernavik,0,GL,1558556340,81,72.79,-56.15,33.73,7.9
87,Georgetown,40,GY,1558556341,74,6.8,-58.16,84.2,13.87
88,Almeirim,20,PT,1558556343,72,39.21,-8.63,69.8,13.87
89,Tingi,76,TZ,1558556344,87,-11.3,35.03,67.03,5.91
90,Inhambane,0,MZ,1558556345,94,-23.87,35.38,69.8,2.82
91,New Norfolk,75,AU,1558556347,61,-42.78,147.06,55.0,10.29
92,Shache,52,CN,1558556348,45,38.42,77.24,72.0,1.01
93,Ixtapa,5,MX,1558556349,58,20.71,-105.21,82.99,11.41
94,Kavaratti,26,IN,1558556350,72,10.57,72.64,85.21,7.43
95,Slave Lake,40,CA,1558556352,20,55.28,-114.77,73.4,16.11
96,Provideniya,100,RU,1558556353,85,64.42,-173.23,35.53,0.72
97,Butaritari,73,KI,1558556354,70,3.07,172.79,83.95,6.02
98,High Level,1,CA,1558556356,45,58.52,-117.13,62.6,3.36
99,Shenjiamen,0,CN,1558556357,84,29.96,122.3,66.31,5.79
100,Linden,75,GY,1558556359,78,6.01,-58.31,82.4,6.93
101,Tutoia,40,BR,1558556360,79,-2.76,-42.27,84.2,6.93
102,Miri,91,NG,1558556361,43,10.31,9.75,87.19,4.5
103,Kahului,20,US,1558556362,61,20.89,-156.47,84.2,4.7
104,Chara,40,GR,1558556364,59,39.42,22.43,60.8,4.7
105,Challapata,26,BO,1558556365,28,-18.9,-66.78,50.65,12.44
106,Nagato,0,JP,1558556366,77,34.35,131.14,64.0,3.36
107,Bredasdorp,41,ZA,1558556368,87,-34.53,20.04,55.4,2.24
108,Tasiilaq,31,GL,1558556369,65,65.61,-37.64,41.0,16.11
109,Skjervoy,75,NO,1558556371,55,70.03,20.97,39.2,9.17
110,Leningradskiy,100,RU,1558556372,85,69.38,178.42,27.61,3.13
111,Iqaluit,75,CA,1558556374,93,63.75,-68.52,35.6,21.92
112,Cordoba,86,CO,1558556375,71,5.59,-73.79,72.97,1.81
113,Touros,40,BR,1558556230,79,-5.2,-35.46,84.2,11.41
114,Esperance,20,TT,1558556377,55,10.24,-61.45,89.6,13.87
115,Port Elizabeth,1,US,1558556379,37,39.31,-74.98,77.0,10.29
116,Sao Jose da Coroa Grande,21,BR,1558556380,86,-8.9,-35.15,76.03,4.23
117,Townsville,90,AU,1558556381,60,-19.26,146.82,73.4,10.29
118,Coihaique,40,CL,1558556383,76,-45.58,-72.07,48.2,6.93
119,Ritchie,89,ZA,1558556384,29,-29.03,24.6,63.07,3.98
120,Gallup,75,US,1558556385,37,35.53,-108.74,55.4,12.75
121,Thompson,75,CA,1558556387,45,55.74,-97.86,48.2,12.75
122,La Ronge,40,CA,1558556388,42,55.1,-105.3,66.2,12.75
123,Pembroke,1,CA,1558556389,39,45.82,-77.11,64.99,6.93
124,Kaitangata,22,NZ,1558556390,67,-46.28,169.85,51.01,5.99
125,Mar del Plata,82,AR,1558556392,54,-46.43,-67.52,56.05,21.27
126,Tuskegee,1,US,1558556393,43,32.42,-85.69,93.99,4.7
127,Vostok,67,RU,1558556394,93,46.45,135.83,46.69,5.79
128,Chaiyaphum,100,TH,1558556396,79,15.81,102.03,78.01,2.04
129,Mabaruma,95,GY,1558556397,90,8.2,-59.78,80.53,2.71
130,Sioux Lookout,90,CA,1558556398,100,50.1,-91.92,44.6,18.34
131,Bethel,40,US,1558556289,76,60.79,-161.76,51.8,14.99
132,Port Hedland,1,AU,1558556401,46,-20.31,118.58,69.8,8.05
133,San Patricio,98,PY,1558556403,95,-26.98,-56.83,61.63,6.82
134,Ambanja,0,MG,1558556405,72,-13.68,48.45,81.07,1.45
135,Mersing,99,MY,1558556406,88,2.43,103.84,75.31,2.1
136,Souillac,0,FR,1558556407,46,45.6,-0.6,69.8,5.82
137,General Roca,0,AR,1558556408,51,-39.03,-67.58,59.0,4.7
138,Cabo San Lucas,5,MX,1558556238,39,22.89,-109.91,86.0,9.17
139,Longyearbyen,20,NO,1558556411,63,78.22,15.63,30.2,9.17
140,Lebu,100,ET,1558556412,87,8.96,38.73,58.21,5.08
141,Ribeira Grande,40,PT,1558556413,82,38.52,-28.7,64.4,8.05
142,Castro,75,CL,1558556415,81,-42.48,-73.76,44.6,4.7
143,Lantawan,40,PH,1558556416,88,10.62,123.98,80.6,6.93
144,Dois Vizinhos,100,BR,1558556417,99,-25.75,-53.06,64.15,3.96
145,Mehamn,75,NO,1558556419,69,71.03,27.85,35.6,11.41
146,Mount Gambier,90,AU,1558556420,100,-37.83,140.78,39.2,4.7
147,Buritizeiro,0,BR,1558556421,62,-17.37,-44.96,76.39,1.23
148,Pochutla,20,MX,1558556423,55,15.74,-96.47,91.0,11.41
149,Avera,1,US,1558556424,36,33.19,-82.53,98.01,5.82
150,Fortuna,0,ES,1558556425,72,38.18,-1.13,68.0,2.24
151,Barrow,0,AR,1558556426,47,-38.31,-60.23,51.91,6.08
152,Lasa,20,CY,1558556428,68,34.92,32.53,71.6,2.24
153,Ponnani,40,IN,1558556429,79,10.77,75.93,87.01,2.24
154,Talnakh,90,RU,1558556430,92,69.49,88.39,19.4,8.95
155,Briancon,11,FR,1558556432,63,44.9,6.65,66.99,8.01
156,Kavieng,0,PG,1558556433,77,-2.57,150.8,82.69,5.7
157,Avarua,31,CK,1558556300,88,-21.21,-159.78,75.2,6.93
158,Gemena,51,CD,1558556435,73,3.25,19.78,77.11,3.78
159,Tuktoyaktuk,20,CA,1558556437,76,69.44,-133.03,50.0,16.11
160,Nelson Bay,40,AU,1558556438,100,-32.72,152.14,63.0,6.93
161,Axim,100,GH,1558556439,86,4.87,-2.24,79.99,6.08
162,Margate,75,AU,1558556441,61,-43.03,147.26,55.0,10.29
163,Narsaq,75,GL,1558556442,24,60.91,-46.05,59.0,35.57
164,Ulaanbaatar,0,MN,1558556443,45,47.92,106.92,46.4,2.24
165,Duluth,90,US,1558556445,100,46.77,-92.13,55.4,28.86
166,Lieksa,93,FI,1558556446,82,63.32,30.02,40.93,13.8
167,Hithadhoo,100,MV,1558556447,73,-0.6,73.08,83.95,12.33
168,Nanortalik,95,GL,1558556449,74,60.14,-45.24,40.21,2.04
169,Saint-Augustin,0,FR,1558556450,52,44.83,-0.61,69.8,8.05
170,Balkanabat,0,TM,1558556451,29,39.51,54.36,76.03,12.28
171,Ambatondrazaka,6,MG,1558556452,98,-17.82,48.43,60.73,1.99
172,Rawson,12,AR,1558556454,28,-43.3,-65.11,58.39,12.55
173,Kirakira,89,SB,1558556455,77,-10.46,161.92,81.07,6.17
174,Dhule,0,IN,1558556456,28,20.9,74.77,90.43,15.39
175,Husavik,100,CA,1558556458,65,50.56,-96.99,54.0,11.99
176,Ancud,75,CL,1558556459,81,-41.87,-73.83,44.6,4.7
177,Guerrero Negro,1,MX,1558556461,69,27.97,-114.04,62.53,13.0
178,Quelimane,40,MZ,1558556462,73,-17.88,36.89,75.2,4.7
179,Aklavik,20,CA,1558556463,41,68.22,-135.01,60.8,10.29
180,Cidreira,6,BR,1558556465,84,-30.17,-50.22,67.57,11.99
181,Benguela,4,AO,1558556466,84,-12.58,13.4,75.31,8.39
182,Rudnogorsk,1,RU,1558556467,85,57.27,103.75,36.25,2.98
183,Lavrentiya,98,RU,1558556468,89,65.58,-170.99,31.93,4.72
184,Palu,99,ID,1558556470,79,-0.9,119.87,78.91,3.71
185,Port Lincoln,0,AU,1558556471,78,-34.72,135.86,62.17,6.87
186,Victor Harbor,0,AU,1558556472,93,-35.55,138.62,59.0,4.7
187,Baherden,100,TM,1558556474,55,38.44,57.43,55.69,8.05
188,Yamada,20,JP,1558556475,66,36.58,137.08,59.0,3.36
189,Sayat,97,TM,1558556476,15,38.78,63.88,68.47,18.68
190,Dukat,1,RS,1558556478,85,42.44,22.31,47.59,2.51
191,Rockport,90,US,1558556479,79,28.02,-97.05,89.6,19.46
192,Koslan,65,RU,1558556480,79,63.46,48.9,37.87,10.31
193,Carnot,100,CF,1558556482,93,4.94,15.87,70.09,4.25
194,Luderitz,100,NA,1558556483,76,-26.65,15.16,57.2,10.29
195,Springdale,75,US,1558556358,61,36.19,-94.13,84.99,23.04
196,Subiaco,0,AU,1558556486,81,-31.95,115.83,55.99,6.93
197,Pevek,0,RU,1558556487,83,69.7,170.27,25.09,3.83
198,Zaozhuang,0,CN,1558556488,37,34.86,117.55,65.59,5.99
199,Nanzhou,75,TW,1558556490,100,22.49,120.51,75.2,3.36
200,Eyl,0,SO,1558556491,74,7.98,49.82,80.71,8.32
201,Rio Grande,75,BR,1558556455,77,-32.03,-52.1,68.0,11.41
202,Dikson,58,RU,1558556493,83,73.51,80.55,22.21,8.57
203,Yar-Sale,91,RU,1558556495,86,66.83,70.83,19.69,4.27
204,San Cristobal,75,EC,1558556496,55,-0.39,-78.55,75.2,16.11
205,Maragogi,21,BR,1558556336,86,-9.01,-35.22,76.03,4.23
206,Naze,94,NG,1558556498,81,5.43,7.07,78.19,5.48
207,Hambantota,88,LK,1558556506,78,6.12,81.12,83.41,10.04
208,Edd,57,ER,1558556507,47,13.93,41.69,92.23,5.66
209,Berlevag,75,NO,1558556509,69,70.86,29.09,35.6,16.11
210,Logan,90,US,1558556511,50,41.73,-111.83,55.99,17.22
211,Svecha,77,RU,1558556512,96,58.28,47.52,47.95,4.97
212,Cabatuan,100,PH,1558556513,88,16.95,121.67,75.85,0.65
213,Hovd,0,NO,1558556515,64,63.83,10.7,68.0,10.29
214,Jamame,27,SO,1558556516,85,0.07,42.75,79.27,4.83
215,Tvoroyri,100,FO,1558556517,87,61.56,-6.81,44.6,23.04
216,Danielskuil,100,ZA,1558556519,33,-28.19,23.54,61.63,4.18
217,Hasaki,75,JP,1558556520,76,35.73,140.83,55.4,3.36
218,Westlock,90,CA,1558556521,28,54.15,-113.85,75.0,5.82
219,Khatanga,100,RU,1558556523,93,71.98,102.47,28.33,21.63
220,Hobyo,0,SO,1558556524,69,5.35,48.53,82.87,9.13
221,Nushki,89,PK,1558556525,42,29.55,66.02,77.47,4.52
222,Hay River,75,CA,1558556527,69,60.82,-115.79,39.2,9.17
223,Srednekolymsk,99,RU,1558556528,60,67.46,153.71,45.79,19.91
224,Teguldet,1,RU,1558556529,93,57.31,88.17,35.17,3.98
225,Tondano,40,ID,1558556531,94,1.3,124.91,75.2,2.24
226,Nichinan,0,JP,1558556532,74,31.65,131.31,53.01,3.36
227,Kotelnich,96,RU,1558556533,95,58.31,48.34,48.13,5.95
228,Udachnyy,0,RU,1558556535,80,66.42,112.4,35.6,6.71
229,Najran,75,SA,1558556536,93,17.54,44.22,64.4,6.93
230,Ulaangom,0,MN,1558556537,27,49.98,92.07,62.53,29.8
231,Padang,100,ID,1558556539,79,-0.92,100.36,82.33,5.21
232,Onguday,65,RU,1558556540,96,50.75,86.14,29.77,2.28
233,Calama,0,CL,1558556283,8,-22.46,-68.93,68.0,23.04
234,Iquique,0,CL,1558556542,59,-20.22,-70.14,66.2,13.87
235,Nome,90,US,1558556544,70,30.04,-94.42,87.8,16.11
236,Pori,0,FI,1558556545,67,61.49,21.79,62.6,4.7
237,Amapa,20,HN,1558556547,50,15.09,-87.97,96.8,19.46
238,Eydhafushi,78,MV,1558556548,77,5.1,73.07,84.49,11.99
239,Pisco,75,PE,1558556502,30,-13.71,-76.2,71.6,9.17
240,Tuatapere,19,NZ,1558556550,80,-46.13,167.69,53.01,1.01
241,Torbay,90,CA,1558556474,100,47.66,-52.73,37.4,19.46
242,Kvam,72,NO,1558556553,96,61.67,9.69,47.59,4.88
243,Ahipara,89,NZ,1558556554,100,-35.17,173.16,48.99,8.39
244,Gondar,20,PT,1558556555,87,41.82,-8.78,62.01,6.93
245,Vila,40,IT,1558556557,59,45.18,8.4,68.0,10.29
246,Constitucion,5,MX,1558556558,2,23.99,-104.67,86.0,14.99
247,Workington,0,GB,1558556560,75,54.64,-3.55,55.0,1.01
248,Travesia,20,HN,1558556561,50,15.87,-87.9,96.8,19.46
249,Kampong Cham,100,KH,1558556562,78,11.99,105.46,82.69,5.41
250,Auki,58,NG,1558556564,31,12.18,6.51,95.11,0.89
251,Thinadhoo,100,MV,1558556565,76,0.53,72.93,85.93,16.73
252,Rocha,97,UY,1558556566,87,-34.48,-54.34,54.43,5.08
253,Ellisras,0,ZA,1558556568,71,-23.67,27.74,59.29,4.9
254,Troitskoye,100,RU,1558556569,91,52.98,84.68,42.91,9.19
255,Yellowknife,20,CA,1558556570,31,62.45,-114.38,50.0,11.41
256,Yuryev-Polskiy,92,RU,1558556571,92,56.5,39.68,56.59,5.77
257,Beloha,0,MG,1558556573,94,-25.17,45.06,67.93,4.76
258,Codrington,40,AU,1558556574,93,-28.95,153.24,59.0,3.36
259,Riberalta,40,BO,1558556575,59,-11.0,-66.08,89.6,6.93
260,Shimoda,0,JP,1558556577,96,34.7,138.93,60.01,4.61
261,Normandin,75,CA,1558556578,36,48.84,-72.53,62.6,8.05
262,Sandusky,90,US,1558556579,77,41.45,-82.71,78.01,6.93
263,Nakhon Si Thammarat,100,TH,1558556580,89,8.43,99.96,76.39,1.21
264,Vila Velha,20,BR,1558556582,78,-3.71,-38.6,82.4,9.17
265,Qaqortoq,75,GL,1558556583,24,60.72,-46.03,59.0,35.57
266,Beyneu,52,KZ,1558556585,23,45.32,55.19,65.41,7.74
267,Aleksandrov Gay,97,RU,1558556586,53,50.14,48.57,60.91,7.83
268,Rundu,100,NA,1558556587,28,-17.91,19.77,73.4,3.36
269,Semey,78,KZ,1558556588,67,50.41,80.25,47.23,10.58
270,Fairbanks,75,US,1558556340,41,64.84,-147.72,61.0,5.82
271,Leh,96,IN,1558556591,65,34.16,77.58,28.69,3.33
272,Shasta Lake,75,US,1558556592,37,40.68,-122.36,73.4,9.17
273,Uyuni,15,BO,1558556593,10,-20.46,-66.82,52.09,24.36
274,Yulara,0,AU,1558556595,62,-25.24,130.99,55.4,6.93
275,Ongandjera,16,NA,1558556596,31,-17.88,15.07,67.39,3.62
276,Sumenep,81,ID,1558556597,88,-7.02,113.87,77.83,5.32
277,Victoria,75,BN,1558556599,88,5.28,115.24,80.6,3.18
278,Karratha,0,AU,1558556600,16,-20.74,116.85,78.55,10.04
279,Mnogovershinnyy,96,RU,1558556602,81,53.94,139.92,43.63,3.24
280,Sitka,18,US,1558556603,54,37.17,-99.65,68.0,7.0
281,Wellsford,88,NZ,1558556604,99,-36.3,174.52,55.99,6.62
282,Huilong,0,CN,1558556606,78,28.89,110.18,58.75,1.9
283,Matamoros,90,US,1558556607,66,25.87,-97.51,91.4,29.97
284,Montlucon,0,FR,1558556608,62,46.33,2.6,57.0,1.99
285,Yerbogachen,100,RU,1558556610,80,61.28,108.01,42.91,7.78
286,The Valley,20,AI,1558556611,65,18.22,-63.06,84.2,13.87
287,Nenjiang,24,CN,1558556612,82,49.17,125.23,45.25,4.68
288,Brenham,40,US,1558556613,59,30.17,-96.4,91.99,9.17
289,Derzhavinsk,0,KZ,1558556615,67,51.1,66.31,46.33,7.4
290,Mandalgovi,0,MN,1558556616,23,45.76,106.27,62.71,10.33
291,Janow Lubelski,0,PL,1558556617,93,50.71,22.41,59.0,2.24
292,Genhe,92,CN,1558556618,50,50.78,121.52,46.87,4.25
293,Luwuk,100,ID,1558556620,99,-0.95,122.79,66.13,2.66
294,Mizan Teferi,96,ET,1558556621,91,6.99,35.58,63.43,3.44
295,Oktyabrskiy,0,RU,1558556622,55,55.61,37.97,70.0,1.63
296,Winnemucca,90,US,1558556624,81,40.97,-117.74,48.2,12.75
297,Nizhniy Tsasuchey,95,RU,1558556625,48,50.52,115.13,59.29,11.45
298,Seoul,1,KR,1558556626,87,37.57,126.98,59.0,1.12
299,Grand Gaube,75,MU,1558556628,83,-20.01,57.66,75.2,3.36
300,Inuvik,75,CA,1558556629,36,68.36,-133.71,60.8,9.17
301,Motril,40,ES,1558556387,28,36.75,-3.52,73.4,2.24
302,Mayo,75,CA,1558556632,39,63.59,-135.9,66.2,3.36
303,Zyryanka,100,RU,1558556633,69,65.73,150.89,48.85,24.72
304,Rio Gallegos,75,AR,1558556634,93,-51.62,-69.22,48.2,2.24
305,Olavarria,0,AR,1558556636,59,-36.89,-60.32,48.67,4.72
306,Russell,0,AR,1558556637,46,-33.01,-68.8,53.6,2.24
307,Opuwo,5,NA,1558556639,38,-18.06,13.84,64.87,2.86
308,Portoferraio,0,IT,1558556640,93,42.81,10.31,64.99,4.7
309,Bandarbeyla,0,SO,1558556641,73,9.49,50.81,81.07,7.09
310,Jeremie,100,HT,1558556642,64,18.65,-74.12,83.59,2.3
311,Kizner,59,RU,1558556644,97,56.27,51.51,44.71,3.94
312,Tateyama,0,JP,1558556645,60,36.66,137.31,59.0,5.01
313,Ust-Omchug,66,RU,1558556646,75,61.13,149.63,42.19,7.45
314,Port Hawkesbury,75,CA,1558556647,70,45.62,-61.36,48.0,13.87
315,Hilo,75,US,1558556649,54,19.71,-155.08,82.4,10.29
316,Katherine,27,AU,1558556650,77,-14.47,132.26,64.4,4.7
317,Kieta,94,PG,1558556651,71,-6.22,155.63,82.15,2.86
318,Bridlington,4,GB,1558556653,67,54.08,-0.19,59.0,6.93
319,Noumea,0,NC,1558556616,87,-22.28,166.46,59.0,1.12
320,Pringsewu,100,ID,1558556655,97,-5.36,104.98,73.51,2.17
321,Cherskiy,52,RU,1558556657,78,68.75,161.3,32.83,8.55
322,Komsomolskiy,91,RU,1558556658,96,67.55,63.78,12.49,0.94
323,Mirnyy,94,RU,1558556659,90,56.57,36.46,57.49,2.48
324,Chernyshevskiy,100,RU,1558556661,65,63.01,112.47,42.01,2.73
325,Hualmay,81,PE,1558556662,92,-11.1,-77.61,65.05,18.41
326,Palana,100,RU,1558556663,78,59.08,159.95,42.73,3.13
327,Martil,40,MA,1558556665,82,35.62,-5.28,66.2,9.17
328,Bageshwar,84,IN,1558556666,26,29.85,79.77,62.71,5.46
329,Anadyr,0,RU,1558556667,69,64.73,177.51,39.2,2.24
330,Ilembula,4,TZ,1558556669,89,-8.9,34.58,60.55,7.47
331,Vila Franca do Campo,20,PT,1558556670,77,37.72,-25.43,64.4,11.41
332,Lavumisa,58,ZA,1558556671,88,-27.31,31.88,60.37,2.04
333,Solwezi,46,ZM,1558556672,87,-12.18,26.4,61.09,3.36
334,Suez,48,EG,1558556674,15,29.97,32.54,89.17,6.58
335,Sumbe,22,AO,1558556675,86,-11.2,13.84,77.65,9.66
336,Gombe,98,NG,1558556677,46,10.28,11.17,88.99,3.49
337,Hami,1,CN,1558556678,15,42.84,93.51,74.77,15.79
338,Boyolangu,52,ID,1558556679,96,-8.09,111.9,72.07,4.03
339,Nizwa,49,OM,1558556680,26,22.93,57.53,80.71,3.83
340,North Bend,90,US,1558556682,82,43.41,-124.22,63.0,11.41
341,Aswan,0,EG,1558556683,10,24.09,32.9,100.4,13.87
342,Nara,0,JP,1558556684,66,34.68,135.8,60.8,5.82
343,Rochegda,81,RU,1558556686,61,62.67,43.41,39.31,9.53
344,Ayr,20,GB,1558556687,71,55.46,-4.63,53.01,12.75
345,Mkushi,0,ZM,1558556688,75,-13.61,29.4,56.77,4.25
346,Barinas,100,VE,1558556689,59,8.64,-70.23,84.85,4.12
347,Te Anau,63,NZ,1558556691,97,-45.41,167.72,42.37,3.36
348,Saskylakh,52,RU,1558556692,87,71.97,114.09,29.59,8.99
349,Norman Wells,40,CA,1558556399,48,65.28,-126.83,60.8,10.29
350,Adrar,86,DZ,1558556694,14,27.87,-0.29,96.8,6.6
351,Seguela,100,CI,1558556696,89,7.96,-6.67,77.29,3.8
352,Minas Novas,4,BR,1558556698,67,-17.22,-42.59,72.79,2.98
353,Aykino,100,RU,1558556699,91,62.22,49.99,43.09,6.38
354,Atar,0,MR,1558556700,13,20.52,-13.05,91.33,8.79
355,Atikokan,99,CA,1558556702,70,48.76,-91.62,52.63,13.53
356,Faanui,34,PF,1558556703,74,-16.48,-151.75,82.15,7.47
357,Antofagasta,40,CL,1558556579,76,-23.65,-70.4,66.99,13.87
358,Tura,100,IN,1558556706,85,25.52,90.21,78.19,10.49
359,Luena,45,AO,1558556707,65,-11.78,19.91,65.41,1.1
360,Honiara,40,SB,1558556708,100,-9.43,159.96,73.4,6.2
361,Kitgum,91,UG,1558556709,92,3.3,32.88,67.75,3.2
362,Soyo,20,AO,1558556711,88,-6.13,12.37,78.8,6.93
363,Trat,100,TH,1558556712,78,12.25,102.51,89.01,2.24
364,Soe,4,EE,1558556714,93,57.91,26.05,59.0,2.24
365,Mosquera,75,CO,1558556715,68,4.71,-74.23,64.4,8.05
366,Angouleme,0,FR,1558556671,55,45.65,0.15,69.8,4.7
367,Marystown,79,CA,1558556718,71,47.17,-55.16,43.09,18.72
368,Agadez,1,NE,1558556719,20,16.97,7.99,96.8,6.93
369,Buala,83,SB,1558556721,76,-8.15,159.59,82.15,8.03
370,Pingxiang,0,CN,1558556722,81,27.63,113.85,66.85,2.19
371,Zwedru,100,LR,1558556723,97,6.07,-8.13,74.77,3.87
372,Vigo,0,ES,1558556617,72,42.24,-8.72,61.0,11.41
373,Plover,90,US,1558556726,77,44.46,-89.54,75.0,10.29
374,Pathein,92,MM,1558556727,81,16.78,94.73,82.87,8.08
375,Kaili,100,ID,1558556728,99,-3.46,120.21,61.99,2.95
376,Coruripe,27,BR,1558556729,90,-10.12,-36.18,74.95,6.53
377,Dingle,100,PH,1558556731,82,11.0,122.67,78.19,2.66
378,Puerto Leguizamo,85,CO,1558556732,89,-0.19,-74.78,80.71,1.41
379,Urucara,100,BR,1558556733,94,-2.54,-57.76,80.53,1.86
380,Gold Coast,75,AU,1558556735,93,-28.0,153.41,62.01,4.7
381,Puerto Madero,40,AR,1558556736,72,-34.61,-58.36,64.0,3.36
382,Antsohihy,0,MG,1558556737,81,-14.88,47.99,78.37,3.36
383,Puerto del Rosario,40,ES,1558556738,64,28.5,-13.86,69.8,19.46
384,Boa Vista,100,BR,1558556741,74,2.82,-60.67,80.35,4.29
385,Trinidad,75,UY,1558556743,72,-33.52,-56.9,62.6,11.41
386,Ilulissat,20,GL,1558556634,57,69.22,-51.1,37.4,6.93
387,Zhezkazgan,0,KZ,1558556745,57,47.8,67.71,46.87,5.7
388,Gizo,0,IL,1558556746,36,31.8,34.94,84.0,3.36
389,Galesong,40,ID,1558556748,100,-5.32,119.37,75.2,2.24
390,Sozimskiy,79,RU,1558556749,64,59.74,52.25,47.59,6.78
391,Tongren,0,CN,1558556750,67,27.72,109.18,60.01,2.28
392,Verkhoyansk,5,RU,1558556751,41,67.55,133.39,46.33,8.08
393,Bilibino,0,RU,1558556753,89,68.06,166.44,23.29,3.98
394,Takoradi,100,GH,1558556754,91,4.89,-1.75,77.83,4.56
395,Kuybysheve,48,UA,1558556755,86,47.36,36.65,56.77,10.09
396,Denpasar,75,ID,1558556756,100,-8.65,115.22,78.8,8.05
397,Alta Floresta,20,BR,1558556758,70,-9.87,-56.08,86.0,3.36
398,Mecca,0,SA,1558556734,31,21.43,39.83,90.07,1.28
399,Roald,90,NO,1558556760,93,62.58,6.12,57.2,5.82
400,Pedernales,100,EC,1558556762,84,0.07,-80.05,79.45,14.45
401,Pangnirtung,90,CA,1558556763,80,66.15,-65.72,35.6,9.17
402,Uddevalla,4,SE,1558556764,81,58.35,11.94,53.6,12.75
403,Assen,100,NL,1558556765,57,53.0,6.56,55.4,4.7
404,Elbistan,73,TR,1558556767,67,38.2,37.19,58.21,2.19
405,Kendari,100,ID,1558556768,98,-3.99,122.52,73.69,2.84
406,Kutum,74,SD,1558556769,5,14.2,24.66,80.53,5.57
407,Yerofey Pavlovich,84,RU,1558556771,55,53.97,121.97,47.41,1.39
408,Myitkyina,0,MM,1558556772,66,25.38,97.4,71.89,3.42
409,Aksarka,97,RU,1558556773,93,66.56,67.8,26.17,5.28
410,Tuy Hoa,74,VN,1558556775,82,13.08,109.3,76.93,2.82
411,Salalah,20,OM,1558556776,79,17.01,54.1,86.0,3.36
412,Goulburn,62,AU,1558556777,97,-34.75,149.72,50.0,1.79
413,Huescar,37,ES,1558556779,57,37.81,-2.54,66.0,2.01
414,Kinablangan,62,PH,1558556780,87,7.69,126.55,74.95,2.04
415,Garner,90,US,1558556693,42,35.71,-78.61,82.99,5.82
416,Ust-Kuyga,0,RU,1558556782,68,70.0,135.55,31.75,4.81
417,Sasebo,0,JP,1558556784,63,33.18,129.67,66.2,11.41
418,Khasan,1,RU,1558556785,65,42.43,130.64,48.49,4.43
419,Vanderhoof,31,CA,1558556787,38,54.02,-124.02,67.03,4.03
420,Cururupu,40,BR,1558556788,96,-1.82,-44.87,76.57,2.24
421,Banda Aceh,100,ID,1558556789,70,5.56,95.32,84.31,7.94
422,Maralal,46,KE,1558556791,82,1.1,36.7,64.15,12.48
423,Sao Filipe,0,CV,1558556792,84,14.9,-24.5,73.33,21.97
424,Alice Springs,0,AU,1558556793,87,-23.7,133.88,51.8,5.82
425,Uruzgan,13,AF,1558556794,54,32.93,66.63,52.27,3.33
426,Aldan,100,RU,1558556796,96,58.61,125.39,47.41,4.5
427,Havre-Saint-Pierre,20,CA,1558556797,61,50.23,-63.6,50.0,20.8
428,Munchberg,1,DE,1558556798,81,50.2,11.78,53.01,8.05
429,Airai,73,TL,1558556800,62,-8.93,125.41,74.59,7.45
430,Ust-Nera,99,RU,1558556801,80,64.57,143.24,38.23,3.94
431,Arman,100,RU,1558556802,89,59.7,150.17,40.57,4.99
432,Resistencia,75,AR,1558556586,93,-27.45,-58.99,66.2,6.93
433,Novaya Zaimka,3,RU,1558556805,77,56.49,66.92,39.85,6.49
434,Wenzhou,0,CN,1558556806,90,28.02,120.66,63.61,2.42
435,Prince Rupert,90,CA,1558556807,87,54.32,-130.32,51.8,3.36
436,Zhigansk,100,RU,1558556809,64,66.77,123.37,40.21,7.34
437,Karcag,75,HU,1558556810,87,47.31,20.92,59.0,9.17
438,Presidente Medici,76,BR,1558556812,84,-11.18,-61.9,82.33,1.97
439,Tezu,50,IN,1558556813,54,27.93,96.16,72.43,4.27
440,Tiarei,40,PF,1558556814,88,-17.53,-149.33,77.0,8.05
441,Santa Marta,40,CO,1558556815,66,11.24,-74.21,89.6,9.17
442,Siniscola,0,IT,1558556817,52,40.57,9.69,64.4,10.29
443,Umm Lajj,0,SA,1558556818,59,25.02,37.27,85.39,6.11
444,Trapani,0,IT,1558556819,77,38.02,12.54,64.99,1.12
445,Kruisfontein,0,ZA,1558556821,81,-34.0,24.73,50.47,4.34
446,Ahuimanu,20,US,1558556822,65,21.44,-157.84,84.2,11.41
447,Binzhou,0,CN,1558556824,16,37.38,117.96,71.35,4.65
448,Vanimo,99,PG,1558556825,80,-2.67,141.3,80.71,6.96
449,Portland,75,US,1558556826,63,45.52,-122.67,73.0,10.29
450,Cap Malheureux,75,MU,1558556827,83,-19.98,57.61,75.2,3.36
451,Desaguadero,63,PE,1558556829,31,-16.56,-69.04,51.91,10.45
452,Lida,0,BY,1558556830,88,53.9,25.3,56.41,2.21
453,Pasighat,33,IN,1558556831,94,28.06,95.33,63.07,3.29
454,Oppdal,55,NO,1558556833,76,62.6,9.69,57.85,4.36
455,Coquimbo,0,CL,1558556834,48,-29.95,-71.34,64.0,12.75
456,Inirida,98,CO,1558556835,62,3.87,-67.92,87.19,1.92
457,Les Cayes,100,HT,1558556836,74,18.19,-73.75,82.87,9.91
458,Pecos,1,US,1558556838,7,31.42,-103.49,93.2,5.82
459,Brigham City,75,US,1558556839,43,41.51,-112.02,55.99,9.17
460,Chantada,20,ES,1558556840,67,42.61,-7.77,62.6,5.82
461,Moroni,85,US,1558556842,75,39.52,-111.59,53.01,7.0
462,Usinsk,26,RU,1558556843,76,66.0,57.56,29.05,8.86
463,Zitacuaro,26,MX,1558556844,31,19.44,-100.36,84.99,14.0
464,Dragoesti,0,RO,1558556845,67,47.55,26.08,59.0,6.93
465,Cayenne,90,GF,1558556847,94,4.94,-52.33,75.2,2.24
466,Kawalu,30,ID,1558556848,91,-7.38,108.21,68.47,3.69
467,Manaure,75,CO,1558556849,70,11.78,-72.45,87.8,16.11
468,Muros,20,ES,1558556851,67,42.77,-9.06,62.6,5.82
469,Porto Velho,40,BR,1558556852,79,-8.75,-63.87,87.8,2.24
470,Namatanai,4,PG,1558556853,88,-3.66,152.44,78.19,4.85
471,Ivanteyevka,0,RU,1558556854,63,55.97,37.92,70.0,4.47
472,High Rock,75,BS,1558556856,83,26.63,-78.28,77.0,10.29
473,Uray,84,RU,1558556857,60,60.13,64.8,43.27,5.3
474,Bayji,0,IQ,1558556858,22,34.93,43.49,89.17,4.56
475,Lubumbashi,0,CD,1558556859,79,-11.66,27.48,61.99,3.6
476,Bonavista,99,CA,1558556861,86,48.65,-53.11,36.0,11.99
477,Luanda,75,AO,1558556862,78,-8.83,13.24,78.8,3.36
478,Nouadhibou,0,MR,1558556863,77,20.93,-17.03,66.2,18.34
479,Churapcha,100,RU,1558556865,86,62.0,132.43,45.43,1.99
480,Xai-Xai,0,MZ,1558556866,95,-25.04,33.64,67.39,2.01
481,Bukachacha,17,RU,1558556867,72,52.99,116.91,47.77,5.7
482,Phayao,98,TH,1558556869,79,19.17,99.9,72.07,1.57
483,Ewa Beach,1,US,1558556870,62,21.32,-158.01,84.2,9.17
484,Vao,26,EE,1558556871,75,59.1,26.19,56.95,2.13
485,Sinnamary,100,GF,1558556873,85,5.38,-52.96,78.55,5.66
486,Isangel,40,VU,1558556874,77,-19.55,169.27,69.8,18.59
487,Suluq,100,LY,1558556875,48,31.67,20.25,72.07,28.77
488,Solano,53,PH,1558556876,95,16.52,121.18,64.51,1.83
489,La Reforma,40,GT,1558556878,66,14.8,-91.82,91.4,9.17
490,Bathsheba,20,BB,1558556879,66,13.22,-59.52,84.2,14.99
491,Jizan,20,SA,1558556880,58,16.89,42.56,84.2,11.41
492,Sao Joao da Barra,20,BR,1558556882,74,-21.64,-41.05,80.6,6.93
493,Sistranda,40,NO,1558556883,64,63.73,8.83,68.0,10.29
494,Gore,100,ET,1558556884,97,8.15,35.53,58.21,2.68
495,Saint Anthony,90,US,1558556885,32,43.97,-111.68,55.4,16.11
496,Qasigiannguit,20,GL,1558556887,59,68.82,-51.19,37.4,6.93
497,Telma,0,RU,1558556888,66,52.7,103.72,51.8,4.47
498,Okhotsk,100,RU,1558556889,94,59.36,143.24,39.67,15.05
499,Bilma,74,NE,1558556891,14,18.69,12.92,91.15,2.26
500,Ketchikan,1,US,1558556705,63,55.34,-131.65,66.2,19.46
501,Cabedelo,40,BR,1558556893,78,-6.97,-34.84,82.4,6.93
502,Gorontalo,95,ID,1558556895,86,0.54,123.06,76.93,3.02
503,Zhuhai,0,CN,1558556896,39,40.71,112.04,50.0,4.47
504,Cayambe,75,EC,1558556897,53,0.04,-78.14,71.6,16.11
505,Mandiana,100,GN,1558556898,49,10.62,-8.7,87.73,7.16
506,Chicama,20,PE,1558556900,78,-7.84,-79.15,71.6,11.41
507,Tromso,20,NO,1558556708,65,69.65,18.96,42.8,14.99
508,Goderich,100,CA,1558556902,72,43.74,-81.71,60.01,21.0
509,Tailai,59,CN,1558556903,61,46.39,123.41,52.99,5.97
510,Erzin,0,TR,1558556905,53,36.95,36.2,73.0,8.05
511,Houma,45,CN,1558556906,25,35.63,111.36,62.53,1.7
512,Tahe,66,CN,1558556907,71,52.34,124.71,44.17,4.61
513,Savannah Bight,60,HN,1558556909,79,16.45,-85.85,83.05,26.73
514,Saint-Joseph,90,FR,1558556910,88,43.56,6.97,62.6,2.24
515,Sanchor,5,IN,1558556911,29,24.76,71.77,94.39,15.26
516,Canavieiras,0,BR,1558556913,83,-15.68,-38.95,82.4,4.7
517,Vardo,1,US,1558556778,35,39.62,-77.74,73.99,9.17
518,Laguna,5,MX,1558556915,19,27.52,-110.01,87.8,17.22
519,Kem,40,UG,1558556916,92,2.68,33.77,67.57,1.43
520,Oistins,20,BB,1558556918,66,13.07,-59.53,84.2,14.99
521,Le Vauclin,20,MQ,1558556919,58,14.55,-60.84,87.8,11.41
522,San Juan,40,PH,1558556921,83,14.6,121.03,84.99,4.7
523,Mahebourg,75,MU,1558556922,83,-20.41,57.7,75.2,3.36
524,Port Hardy,90,CA,1558556924,87,50.7,-127.42,53.6,9.17
525,Sao Raimundo das Mangabeiras,6,BR,1558556925,74,-7.02,-45.48,79.99,4.45
526,Mizdah,0,LY,1558556926,42,31.45,12.98,67.93,16.06
527,Belle Fourche,1,US,1558556927,100,44.67,-103.85,43.0,11.41
528,Camacha,20,PT,1558556929,72,33.08,-16.33,68.0,12.75
529,Tomatlan,0,MX,1558556930,51,19.93,-105.25,87.37,10.09
530,Panuco,5,MX,1558556932,12,22.88,-102.54,82.4,13.87
531,Seymchan,39,RU,1558556933,71,62.93,152.39,45.07,9.48
532,Vanavara,0,RU,1558556934,79,60.35,102.28,37.69,7.83
533,Khailar,0,IN,1558556935,22,25.35,78.53,96.01,5.64
534,Krasnovishersk,36,RU,1558556937,59,60.4,57.08,39.31,4.94
535,Chauk,75,MM,1558556938,63,20.89,94.82,84.49,8.46
